Location,Sequence
1879,TGAGGTTGACTCAGTTGTCCCAGTCCAAAA
1880,GAGGTTGACTCAGTTGTCCCAGTCCAAAAT
1881,AGGTTGACTCAGTTGTCCCAGTCCAAAATG
1882,GGTTGACTCAGTTGTCCCAGTCCAAAATGT
1883,GTTGACTCAGTTGTCCCAGTCCAAAATGTT
1884,TTGACTCAGTTGTCCCAGTCCAAAATGTTG
1885,TGACTCAGTTGTCCCAGTCCAAAATGTTGG
1886,GACTCAGTTGTCCCAGTCCAAAATGTTGGA
1887,ACTCAGTTGTCCCAGTCCAAAATGTTGGAG
1888,CTCAGTTGTCCCAGTCCAAAATGTTGGAGA
1889,TCAGTTGTCCCAGTCCAAAATGTTGGAGAG
1890,CAGTTGTCCCAGTCCAAAATGTTGGAGAGA
1891,AGTTGTCCCAGTCCAAAATGTTGGAGAGAA
1892,GTTGTCCCAGTCCAAAATGTTGGAGAGAAG
1893,TTGTCCCAGTCCAAAATGTTGGAGAGAAGG
1894,TGTCCCAGTCCAAAATGTTGGAGAGAAGGT
1895,GTCCCAGTCCAAAATGTTGGAGAGAAGGTC
1896,TCCCAGTCCAAAATGTTGGAGAGAAGGTCA
1897,CCCAGTCCAAAATGTTGGAGAGAAGGTCAA
1898,CCAGTCCAAAATGTTGGAGAGAAGGTCAAC
1899,CAGTCCAAAATGTTGGAGAGAAGGTCAACT
1900,AGTCCAAAATGTTGGAGAGAAGGTCAACTC
1901,GTCCAAAATGTTGGAGAGAAGGTCAACTCT
1902,TCCAAAATGTTGGAGAGAAGGTCAACTCTA
1903,CCAAAATGTTGGAGAGAAGGTCAACTCTAT
1904,CAAAATGTTGGAGAGAAGGTCAACTCTATG
1905,AAAATGTTGGAGAGAAGGTCAACTCTATGG
1906,AAATGTTGGAGAGAAGGTCAACTCTATGGA
1907,AATGTTGGAGAGAAGGTCAACTCTATGGAA
1908,ATGTTGGAGAGAAGGTCAACTCTATGGAAG
1909,TGTTGGAGAGAAGGTCAACTCTATGGAAGC
1910,GTTGGAGAGAAGGTCAACTCTATGGAAGCA
1911,TTGGAGAGAAGGTCAACTCTATGGAAGCAT
1912,TGGAGAGAAGGTCAACTCTATGGAAGCATA
1913,GGAGAGAAGGTCAACTCTATGGAAGCATAC
1914,GAGAGAAGGTCAACTCTATGGAAGCATACC
1915,AGAGAAGGTCAACTCTATGGAAGCATACCA
1916,GAGAAGGTCAACTCTATGGAAGCATACCAG
1917,AGAAGGTCAACTCTATGGAAGCATACCAGA
1918,GAAGGTCAACTCTATGGAAGCATACCAGAT
1919,AAGGTCAACTCTATGGAAGCATACCAGATA
1920,AGGTCAACTCTATGGAAGCATACCAGATAC
1921,GGTCAACTCTATGGAAGCATACCAGATACC
1922,GTCAACTCTATGGAAGCATACCAGATACCT
1923,TCAACTCTATGGAAGCATACCAGATACCTG
1924,CAACTCTATGGAAGCATACCAGATACCTGT
1925,AACTCTATGGAAGCATACCAGATACCTGTG
1926,ACTCTATGGAAGCATACCAGATACCTGTGA
1927,CTCTATGGAAGCATACCAGATACCTGTGAG
1928,TCTATGGAAGCATACCAGATACCTGTGAGA
1929,CTATGGAAGCATACCAGATACCTGTGAGAT
1930,TATGGAAGCATACCAGATACCTGTGAGATC
1931,ATGGAAGCATACCAGATACCTGTGAGATCC
1932,TGGAAGCATACCAGATACCTGTGAGATCCA
1933,GGAAGCATACCAGATACCTGTGAGATCCAA
1934,GAAGCATACCAGATACCTGTGAGATCCAAT
1935,AAGCATACCAGATACCTGTGAGATCCAATG
1936,AGCATACCAGATACCTGTGAGATCCAATGA
1937,GCATACCAGATACCTGTGAGATCCAATGAA
1938,CATACCAGATACCTGTGAGATCCAATGAAG
1939,ATACCAGATACCTGTGAGATCCAATGAAGG
1940,TACCAGATACCTGTGAGATCCAATGAAGGA
1941,ACCAGATACCTGTGAGATCCAATGAAGGAT
1942,CCAGATACCTGTGAGATCCAATGAAGGATC
1943,CAGATACCTGTGAGATCCAATGAAGGATCT
1944,AGATACCTGTGAGATCCAATGAAGGATCTG
1945,GATACCTGTGAGATCCAATGAAGGATCTGG
1946,ATACCTGTGAGATCCAATGAAGGATCTGGA
1947,TACCTGTGAGATCCAATGAAGGATCTGGAA
1948,ACCTGTGAGATCCAATGAAGGATCTGGAAC
1949,CCTGTGAGATCCAATGAAGGATCTGGAACG
1950,CTGTGAGATCCAATGAAGGATCTGGAACGC
1951,TGTGAGATCCAATGAAGGATCTGGAACGCA
1952,GTGAGATCCAATGAAGGATCTGGAACGCAA
1953,TGAGATCCAATGAAGGATCTGGAACGCAAG
1954,GAGATCCAATGAAGGATCTGGAACGCAAGT
1955,AGATCCAATGAAGGATCTGGAACGCAAGTA
1956,GATCCAATGAAGGATCTGGAACGCAAGTAT
1957,ATCCAATGAAGGATCTGGAACGCAAGTATT
1958,TCCAATGAAGGATCTGGAACGCAAGTATTC
1959,CCAATGAAGGATCTGGAACGCAAGTATTCG
1960,CAATGAAGGATCTGGAACGCAAGTATTCGG
1961,AATGAAGGATCTGGAACGCAAGTATTCGGC
1962,ATGAAGGATCTGGAACGCAAGTATTCGGCT
1963,TGAAGGATCTGGAACGCAAGTATTCGGCTT
1964,GAAGGATCTGGAACGCAAGTATTCGGCTTT
1965,AAGGATCTGGAACGCAAGTATTCGGCTTTC
1966,AGGATCTGGAACGCAAGTATTCGGCTTTCC
1967,GGATCTGGAACGCAAGTATTCGGCTTTCCA
1968,GATCTGGAACGCAAGTATTCGGCTTTCCAC
1969,ATCTGGAACGCAAGTATTCGGCTTTCCACT
1970,TCTGGAACGCAAGTATTCGGCTTTCCACTG
1971,CTGGAACGCAAGTATTCGGCTTTCCACTGC
1972,TGGAACGCAAGTATTCGGCTTTCCACTGCA
1973,GGAACGCAAGTATTCGGCTTTCCACTGCAA
1974,GAACGCAAGTATTCGGCTTTCCACTGCAAC
1975,AACGCAAGTATTCGGCTTTCCACTGCAACC
1976,ACGCAAGTATTCGGCTTTCCACTGCAACCA
1977,CGCAAGTATTCGGCTTTCCACTGCAACCAG
1978,GCAAGTATTCGGCTTTCCACTGCAACCAGG
1979,CAAGTATTCGGCTTTCCACTGCAACCAGGG
1980,AAGTATTCGGCTTTCCACTGCAACCAGGGT
1981,AGTATTCGGCTTTCCACTGCAACCAGGGTA
1982,GTATTCGGCTTTCCACTGCAACCAGGGTAC
1983,TATTCGGCTTTCCACTGCAACCAGGGTACT
1984,ATTCGGCTTTCCACTGCAACCAGGGTACTC
1985,TTCGGCTTTCCACTGCAACCAGGGTACTCG
1986,TCGGCTTTCCACTGCAACCAGGGTACTCGA
1987,CGGCTTTCCACTGCAACCAGGGTACTCGAG
1988,GGCTTTCCACTGCAACCAGGGTACTCGAGT
1989,GCTTTCCACTGCAACCAGGGTACTCGAGTG
1990,CTTTCCACTGCAACCAGGGTACTCGAGTGT
1991,TTTCCACTGCAACCAGGGTACTCGAGTGTT
1992,TTCCACTGCAACCAGGGTACTCGAGTGTTT
1993,TCCACTGCAACCAGGGTACTCGAGTGTTTT
1994,CCACTGCAACCAGGGTACTCGAGTGTTTTT
1995,CACTGCAACCAGGGTACTCGAGTGTTTTTA
1996,ACTGCAACCAGGGTACTCGAGTGTTTTTAG
1997,CTGCAACCAGGGTACTCGAGTGTTTTTAGT
1998,TGCAACCAGGGTACTCGAGTGTTTTTAGTC
1999,GCAACCAGGGTACTCGAGTGTTTTTAGTCG
2000,CAACCAGGGTACTCGAGTGTTTTTAGTCGG
2001,AACCAGGGTACTCGAGTGTTTTTAGTCGGA
2002,ACCAGGGTACTCGAGTGTTTTTAGTCGGAC
2003,CCAGGGTACTCGAGTGTTTTTAGTCGGACG
2004,CAGGGTACTCGAGTGTTTTTAGTCGGACGC
2005,AGGGTACTCGAGTGTTTTTAGTCGGACGCT
2006,GGGTACTCGAGTGTTTTTAGTCGGACGCTC
2007,GGTACTCGAGTGTTTTTAGTCGGACGCTCC
2008,GTACTCGAGTGTTTTTAGTCGGACGCTCCT
2009,TACTCGAGTGTTTTTAGTCGGACGCTCCTA
2010,ACTCGAGTGTTTTTAGTCGGACGCTCCTAG
2011,CTCGAGTGTTTTTAGTCGGACGCTCCTAGG
2012,TCGAGTGTTTTTAGTCGGACGCTCCTAGGA
2013,CGAGTGTTTTTAGTCGGACGCTCCTAGGAG
2014,GAGTGTTTTTAGTCGGACGCTCCTAGGAGA
2015,AGTGTTTTTAGTCGGACGCTCCTAGGAGAG
2016,GTGTTTTTAGTCGGACGCTCCTAGGAGAGA
2017,TGTTTTTAGTCGGACGCTCCTAGGAGAGAT
2018,GTTTTTAGTCGGACGCTCCTAGGAGAGATC
2019,TTTTTAGTCGGACGCTCCTAGGAGAGATCT
2020,TTTTAGTCGGACGCTCCTAGGAGAGATCTT
2021,TTTAGTCGGACGCTCCTAGGAGAGATCTTG
2022,TTAGTCGGACGCTCCTAGGAGAGATCTTGA
2023,TAGTCGGACGCTCCTAGGAGAGATCTTGAA
2024,AGTCGGACGCTCCTAGGAGAGATCTTGAAC
2025,GTCGGACGCTCCTAGGAGAGATCTTGAACT
2026,TCGGACGCTCCTAGGAGAGATCTTGAACTA
2027,CGGACGCTCCTAGGAGAGATCTTGAACTAT
2028,GGACGCTCCTAGGAGAGATCTTGAACTATT
2029,GACGCTCCTAGGAGAGATCTTGAACTATTA
2030,ACGCTCCTAGGAGAGATCTTGAACTATTAT
